accuracy,f1_score
0.8689906871381827,0.8691059977367032
